add_year,add_month,month_date,total_content_added,movies_added,tv_shows_added,avg_quality_score,rolling_3month_avg,same_month_prior_year,distinct_ratings_added,created_at
2021,9,2021-09-01T00:00:00.000Z,181,116,65,94.28,205.0,168,10,2026-08-31T13:16:27.815Z
2021,8,2021-08-01T00:00:00.000Z,177,117,60,94.55,213.33,128,9,2026-08-31T13:16:27.815Z
2021,7,2021-07-01T00:00:00.000Z,257,169,88,93.91,198.33,145,9,2026-08-31T13:16:27.815Z
2021,6,2021-06-01T00:00:00.000Z,206,123,83,94.15,175.33,156,9,2026-08-31T13:16:27.815Z
2021,5,2021-05-01T00:00:00.000Z,132,94,38,94.66,143.67,157,10,2026-08-31T13:16:27.815Z
2021,4,2021-04-01T00:00:00.000Z,188,135,53,94.97,136.0,176,10,2026-08-31T13:16:27.815Z
2021,3,2021-03-01T00:00:00.000Z,111,74,37,95.41,116.67,137,9,2026-08-31T13:16:27.815Z
2021,2,2021-02-01T00:00:00.000Z,109,65,44,94.91,135.67,114,8,2026-08-31T13:16:27.815Z
2021,1,2021-01-01T00:00:00.000Z,130,94,36,96.23,150.33,204,10,2026-08-31T13:16:27.815Z
2020,12,2020-12-01T00:00:00.000Z,168,101,67,95.09,162.67,215,10,2026-08-31T13:16:27.815Z
2020,11,2020-11-01T00:00:00.000Z,153,102,51,95.72,162.67,255,9,2026-08-31T13:16:27.815Z
2020,10,2020-10-01T00:00:00.000Z,167,116,51,96.08,154.33,193,8,2026-08-31T13:16:27.815Z
2020,9,2020-09-01T00:00:00.000Z,168,115,53,95.65,147.0,123,9,2026-08-31T13:16:27.815Z
2020,8,2020-08-01T00:00:00.000Z,128,81,47,94.73,143.0,131,9,2026-08-31T13:16:27.815Z
2020,7,2020-07-01T00:00:00.000Z,145,102,43,95.93,152.67,157,10,2026-08-31T13:16:27.815Z
2020,6,2020-06-01T00:00:00.000Z,156,115,41,96.12,163.0,168,10,2026-08-31T13:16:27.815Z
2020,5,2020-05-01T00:00:00.000Z,157,105,52,96.27,156.67,138,9,2026-08-31T13:16:27.815Z
2020,4,2020-04-01T00:00:00.000Z,176,126,50,96.11,142.33,161,9,2026-08-31T13:16:27.815Z
2020,3,2020-03-01T00:00:00.000Z,137,93,44,95.62,151.67,172,9,2026-08-31T13:16:27.815Z
2020,2,2020-02-01T00:00:00.000Z,114,72,42,95.61,177.67,148,10,2026-08-31T13:16:27.815Z
2020,1,2020-01-01T00:00:00.000Z,204,151,53,96.99,224.67,153,10,2026-08-31T13:16:27.815Z
2019,12,2019-12-01T00:00:00.000Z,215,168,47,97.26,221.0,185,8,2026-08-31T13:16:27.815Z
2019,11,2019-11-01T00:00:00.000Z,255,187,68,96.47,190.33,154,11,2026-08-31T13:16:27.815Z
2019,10,2019-10-01T00:00:00.000Z,193,128,65,94.79,149.0,191,10,2026-08-31T13:16:27.815Z
2019,9,2019-09-01T00:00:00.000Z,123,86,37,96.18,137.0,124,11,2026-08-31T13:16:27.815Z
2019,8,2019-08-01T00:00:00.000Z,131,87,44,95.53,152.0,163,9,2026-08-31T13:16:27.815Z
2019,7,2019-07-01T00:00:00.000Z,157,98,59,94.68,154.33,152,10,2026-08-31T13:16:27.815Z
2019,6,2019-06-01T00:00:00.000Z,168,122,46,95.89,155.67,78,10,2026-08-31T13:16:27.815Z
2019,5,2019-05-01T00:00:00.000Z,138,91,47,94.49,157.0,97,10,2026-08-31T13:16:27.815Z
2019,4,2019-04-01T00:00:00.000Z,161,118,43,96.02,160.33,115,9,2026-08-31T13:16:27.815Z
2019,3,2019-03-01T00:00:00.000Z,172,119,53,95.87,157.67,173,10,2026-08-31T13:16:27.815Z
2019,2,2019-02-01T00:00:00.000Z,148,103,45,95.91,162.0,87,10,2026-08-31T13:16:27.815Z
2019,1,2019-01-01T00:00:00.000Z,153,116,37,95.95,164.0,128,11,2026-08-31T13:16:27.815Z
2018,12,2018-12-01T00:00:00.000Z,185,124,61,94.73,176.67,118,10,2026-08-31T13:16:27.815Z
2018,11,2018-11-01T00:00:00.000Z,154,118,36,96.72,156.33,85,10,2026-08-31T13:16:27.815Z
2018,10,2018-10-01T00:00:00.000Z,191,146,45,96.2,159.33,126,10,2026-08-31T13:16:27.815Z
2018,9,2018-09-01T00:00:00.000Z,124,81,43,94.44,146.33,113,10,2026-08-31T13:16:27.815Z
2018,8,2018-08-01T00:00:00.000Z,163,129,34,97.06,131.0,115,10,2026-08-31T13:16:27.815Z
2018,7,2018-07-01T00:00:00.000Z,152,125,27,97.07,109.0,79,10,2026-08-31T13:16:27.815Z
2018,6,2018-06-01T00:00:00.000Z,78,50,28,94.17,96.67,94,9,2026-08-31T13:16:27.815Z
2018,5,2018-05-01T00:00:00.000Z,97,70,27,95.57,128.33,86,10,2026-08-31T13:16:27.815Z
2018,4,2018-04-01T00:00:00.000Z,115,87,28,96.13,125.0,92,9,2026-08-31T13:16:27.815Z
2018,3,2018-03-01T00:00:00.000Z,173,138,35,97.14,129.33,124,11,2026-08-31T13:16:27.815Z
2018,2,2018-02-01T00:00:00.000Z,87,63,24,95.57,111.0,82,9,2026-08-31T13:16:27.815Z
2018,1,2018-01-01T00:00:00.000Z,128,104,24,96.76,110.33,71,10,2026-08-31T13:16:27.815Z
2017,12,2017-12-01T00:00:00.000Z,118,80,38,95.76,109.67,96,9,2026-08-31T13:16:27.815Z
2017,11,2017-11-01T00:00:00.000Z,85,55,30,95.24,108.0,44,9,2026-08-31T13:16:27.815Z
2017,10,2017-10-01T00:00:00.000Z,126,97,29,96.39,118.0,51,10,2026-08-31T13:16:27.815Z
2017,9,2017-09-01T00:00:00.000Z,113,81,32,95.0,102.33,47,10,2026-08-31T13:16:27.815Z
2017,8,2017-08-01T00:00:00.000Z,115,77,38,95.17,96.0,33,9,2026-08-31T13:16:27.815Z
2017,7,2017-07-01T00:00:00.000Z,79,45,34,95.7,86.33,28,11,2026-08-31T13:16:27.815Z
2017,6,2017-06-01T00:00:00.000Z,94,65,29,95.8,90.67,18,10,2026-08-31T13:16:27.815Z
2017,5,2017-05-01T00:00:00.000Z,86,63,23,95.81,100.67,13,9,2026-08-31T13:16:27.815Z
2017,4,2017-04-01T00:00:00.000Z,92,65,27,95.6,99.33,22,9,2026-08-31T13:16:27.815Z
2017,3,2017-03-01T00:00:00.000Z,124,86,38,95.32,92.33,17,10,2026-08-31T13:16:27.815Z
2017,2,2017-02-01T00:00:00.000Z,82,65,17,96.83,83.0,15,10,2026-08-31T13:16:27.815Z
2017,1,2017-01-01T00:00:00.000Z,71,57,14,96.69,70.33,43,9,2026-08-31T13:16:27.815Z
2016,12,2016-12-01T00:00:00.000Z,96,52,44,94.48,63.67,21,9,2026-08-31T13:16:27.815Z
2016,11,2016-11-01T00:00:00.000Z,44,26,18,94.89,47.33,4,7,2026-08-31T13:16:27.815Z
2016,10,2016-10-01T00:00:00.000Z,51,32,19,95.69,43.67,13,6,2026-08-31T13:16:27.815Z
2016,9,2016-09-01T00:00:00.000Z,47,28,19,91.6,36.0,7,7,2026-08-31T13:16:27.815Z
2016,8,2016-08-01T00:00:00.000Z,33,22,11,93.94,26.33,2,7,2026-08-31T13:16:27.815Z
2016,7,2016-07-01T00:00:00.000Z,28,19,9,96.43,19.67,7,7,2026-08-31T13:16:27.815Z
2016,6,2016-06-01T00:00:00.000Z,18,11,7,92.78,17.67,6,8,2026-08-31T13:16:27.815Z
2016,5,2016-05-01T00:00:00.000Z,13,9,4,96.54,17.33,6,5,2026-08-31T13:16:27.815Z
2016,4,2016-04-01T00:00:00.000Z,22,14,8,94.09,18.0,5,8,2026-08-31T13:16:27.815Z
2016,3,2016-03-01T00:00:00.000Z,17,14,3,97.65,25.0,5,8,2026-08-31T13:16:27.815Z
2016,2,2016-02-01T00:00:00.000Z,15,9,6,94.33,26.33,4,9,2026-08-31T13:16:27.815Z
2016,1,2016-01-01T00:00:00.000Z,43,15,28,91.28,22.67,1,8,2026-08-31T13:16:27.815Z
2015,12,2015-12-01T00:00:00.000Z,21,14,7,95.24,12.67,6,8,2026-08-31T13:16:27.815Z
2015,11,2015-11-01T00:00:00.000Z,4,2,2,95.0,8.0,4,2,2026-08-31T13:16:27.815Z
2015,10,2015-10-01T00:00:00.000Z,13,9,4,97.31,7.33,4,7,2026-08-31T13:16:27.815Z
2015,9,2015-09-01T00:00:00.000Z,7,6,1,98.57,5.33,1,5,2026-08-31T13:16:27.815Z
2015,8,2015-08-01T00:00:00.000Z,2,2,0,100.0,5.0,1,2,2026-08-31T13:16:27.815Z
2015,7,2015-07-01T00:00:00.000Z,7,5,2,97.14,6.33,1,5,2026-08-31T13:16:27.815Z
2015,6,2015-06-01T00:00:00.000Z,6,4,2,95.0,5.67,1,4,2026-08-31T13:16:27.815Z
2015,5,2015-05-01T00:00:00.000Z,6,5,1,96.67,5.33,2,5,2026-08-31T13:16:27.815Z
2015,4,2015-04-01T00:00:00.000Z,5,1,4,94.0,4.67,2,4,2026-08-31T13:16:27.815Z
2015,3,2015-03-01T00:00:00.000Z,5,3,2,93.0,3.33,2,4,2026-08-31T13:16:27.815Z
2015,2,2015-02-01T00:00:00.000Z,4,3,1,90.0,3.67,2,3,2026-08-31T13:16:27.815Z
2015,1,2015-01-01T00:00:00.000Z,1,1,0,85.0,3.67,2,1,2026-08-31T13:16:27.815Z
2014,12,2014-12-01T00:00:00.000Z,6,5,1,96.67,4.67,3,4,2026-08-31T13:16:27.815Z
2014,11,2014-11-01T00:00:00.000Z,4,2,2,92.5,3.0,2,2,2026-08-31T13:16:27.815Z
2014,10,2014-10-01T00:00:00.000Z,4,4,0,97.5,2.0,1,2,2026-08-31T13:16:27.815Z
2014,9,2014-09-01T00:00:00.000Z,1,1,0,90.0,1.0,1,1,2026-08-31T13:16:27.815Z
2014,8,2014-08-01T00:00:00.000Z,1,1,0,100.0,1.0,1,1,2026-08-31T13:16:27.815Z
2014,7,2014-07-01T00:00:00.000Z,1,1,0,100.0,1.33,1,1,2026-08-31T13:16:27.815Z
2014,6,2014-06-01T00:00:00.000Z,1,1,0,100.0,1.67,1,1,2026-08-31T13:16:27.815Z
2014,4,2014-04-01T00:00:00.000Z,2,1,1,90.0,2.0,11,2,2026-08-31T13:16:27.815Z
2014,2,2014-02-01T00:00:00.000Z,2,1,1,95.0,2.0,1,2,2026-08-31T13:16:27.815Z
2014,1,2014-01-01T00:00:00.000Z,2,2,0,100.0,2.0,1,2,2026-08-31T13:16:27.815Z
2013,12,2013-12-01T00:00:00.000Z,2,2,0,100.0,2.33,1,2,2026-08-31T13:16:27.815Z
2013,11,2013-11-01T00:00:00.000Z,2,2,0,100.0,2.33,1,2,2026-08-31T13:16:27.815Z
2013,10,2013-10-01T00:00:00.000Z,3,1,2,93.33,2.0,1,2,2026-08-31T13:16:27.815Z
2013,9,2013-09-01T00:00:00.000Z,2,1,1,95.0,1.33,1,2,2026-08-31T13:16:27.815Z
2013,8,2013-08-01T00:00:00.000Z,1,0,1,90.0,1.0,1,1,2026-08-31T13:16:27.815Z
2013,3,2013-03-01T00:00:00.000Z,1,0,1,100.0,1.0,,1,2026-08-31T13:16:27.815Z
2012,12,2012-12-01T00:00:00.000Z,1,1,0,100.0,1.0,,1,2026-08-31T13:16:27.815Z
2012,11,2012-11-01T00:00:00.000Z,1,1,0,100.0,4.33,,1,2026-08-31T13:16:27.815Z
2012,2,2012-02-01T00:00:00.000Z,1,1,0,100.0,4.33,,1,2026-08-31T13:16:27.815Z
2011,10,2011-10-01T00:00:00.000Z,11,11,0,100.0,4.33,,3,2026-08-31T13:16:27.815Z
2011,9,2011-09-01T00:00:00.000Z,1,1,0,100.0,1.0,,1,2026-08-31T13:16:27.815Z
2011,5,2011-05-01T00:00:00.000Z,1,1,0,100.0,1.0,,1,2026-08-31T13:16:27.815Z
2010,11,2010-11-01T00:00:00.000Z,1,1,0,100.0,1.0,,1,2026-08-31T13:16:27.815Z
2009,11,2009-11-01T00:00:00.000Z,1,1,0,100.0,1.0,,1,2026-08-31T13:16:27.815Z
2009,5,2009-05-01T00:00:00.000Z,1,1,0,100.0,1.0,,1,2026-08-31T13:16:27.815Z
2008,2,2008-02-01T00:00:00.000Z,1,0,1,80.0,1.0,,1,2026-08-31T13:16:27.815Z
2008,1,2008-01-01T00:00:00.000Z,1,1,0,100.0,1.0,,1,2026-08-31T13:16:27.815Z
