country,total_content,movie_count,tv_show_count,percentage_of_total,avg_quality_score,earliest_release_year,latest_release_year,avg_release_year,years_of_production,created_at
United States,3673,2737,936,36.75,96.32,1942,2021,2013.0,70,2026-08-31T13:16:18.024Z
India,1046,962,84,10.47,98.81,1959,2021,2012.0,57,2026-08-31T13:16:18.024Z
United Kingdom,805,533,272,8.05,95.46,1944,2021,2014.0,45,2026-08-31T13:16:18.024Z
Canada,445,319,126,4.45,96.43,1979,2021,2015.0,29,2026-08-31T13:16:18.024Z
France,392,302,90,3.92,97.09,1955,2021,2014.0,35,2026-08-31T13:16:18.024Z
Japan,318,119,199,3.18,93.76,1979,2021,2014.0,33,2026-08-31T13:16:18.024Z
South Korea,231,61,170,2.31,92.86,2004,2021,2017.0,15,2026-08-31T13:16:18.024Z
Spain,230,169,61,2.30,96.78,1993,2021,2017.0,19,2026-08-31T13:16:18.024Z
Germany,224,180,44,2.24,97.1,1993,2021,2014.0,26,2026-08-31T13:16:18.024Z
Mexico,169,111,58,1.69,95.86,1979,2021,2016.0,24,2026-08-31T13:16:18.024Z
China,162,114,48,1.62,96.67,1986,2021,2016.0,20,2026-08-31T13:16:18.024Z
Australia,160,94,66,1.60,94.78,1979,2021,2014.0,27,2026-08-31T13:16:18.024Z
Egypt,117,102,15,1.17,98.38,1954,2021,2009.0,32,2026-08-31T13:16:18.024Z
Turkey,113,83,30,1.13,97.61,1999,2021,2015.0,18,2026-08-31T13:16:18.024Z
Hong Kong,105,100,5,1.05,99.33,1973,2019,2005.0,38,2026-08-31T13:16:18.024Z
Nigeria,101,93,8,1.01,99.31,2003,2021,2017.0,14,2026-08-31T13:16:18.024Z
Italy,100,75,25,1.00,96.5,1955,2021,2013.0,23,2026-08-31T13:16:18.024Z
Brazil,97,66,31,0.97,95.98,2002,2021,2018.0,12,2026-08-31T13:16:18.024Z
Argentina,91,71,20,0.91,97.03,1985,2021,2016.0,15,2026-08-31T13:16:18.024Z
Indonesia,90,86,4,0.90,99.44,2002,2021,2016.0,16,2026-08-31T13:16:18.024Z
Belgium,90,78,12,0.90,98.22,1991,2021,2016.0,14,2026-08-31T13:16:18.024Z
Taiwan,89,19,70,0.89,92.92,2000,2021,2014.0,20,2026-08-31T13:16:18.024Z
Philippines,83,80,3,0.83,99.76,2006,2021,2016.0,16,2026-08-31T13:16:18.024Z
Thailand,70,46,24,0.70,96.86,1999,2021,2015.0,20,2026-08-31T13:16:18.024Z
South Africa,62,51,11,0.62,97.58,1986,2021,2016.0,15,2026-08-31T13:16:18.024Z
Colombia,52,20,32,0.52,93.46,2003,2021,2017.0,12,2026-08-31T13:16:18.024Z
Netherlands,50,42,8,0.50,96.8,2002,2021,2016.0,12,2026-08-31T13:16:18.024Z
Denmark,48,34,14,0.48,95.42,1989,2021,2015.0,13,2026-08-31T13:16:18.024Z
Ireland,46,32,14,0.46,96.52,1989,2021,2015.0,14,2026-08-31T13:16:18.024Z
Sweden,42,31,11,0.42,95.95,2005,2021,2016.0,12,2026-08-31T13:16:18.024Z
Poland,41,32,9,0.41,97.56,1967,2021,2008.0,20,2026-08-31T13:16:18.024Z
Singapore,41,18,23,0.41,94.63,2009,2021,2015.0,13,2026-08-31T13:16:18.024Z
United Arab Emirates,37,36,1,0.37,99.19,2002,2021,2015.0,11,2026-08-31T13:16:18.024Z
New Zealand,33,25,8,0.33,96.06,1993,2021,2013.0,16,2026-08-31T13:16:18.024Z
Lebanon,31,24,7,0.31,96.77,1975,2020,2010.0,17,2026-08-31T13:16:18.024Z
Israel,30,19,11,0.30,95.0,2012,2021,2017.0,10,2026-08-31T13:16:18.024Z
Norway,30,21,9,0.30,96.0,1999,2021,2016.0,12,2026-08-31T13:16:18.024Z
Chile,29,24,5,0.29,97.93,2006,2020,2016.0,10,2026-08-31T13:16:18.024Z
Russia,27,11,16,0.27,92.22,2011,2021,2016.0,11,2026-08-31T13:16:18.024Z
Malaysia,26,18,8,0.26,96.92,1960,2020,2013.0,14,2026-08-31T13:16:18.024Z
Pakistan,24,20,4,0.24,98.33,2010,2020,2016.0,10,2026-08-31T13:16:18.024Z
Czech Republic,22,16,6,0.22,95.0,2004,2021,2014.0,11,2026-08-31T13:16:18.024Z
Switzerland,19,18,1,0.19,99.47,2009,2018,2015.0,8,2026-08-31T13:16:18.024Z
Romania,14,14,0,0.14,99.29,2003,2019,2015.0,8,2026-08-31T13:16:18.024Z
Uruguay,14,13,1,0.14,96.43,2004,2021,2017.0,7,2026-08-31T13:16:18.024Z
Saudi Arabia,13,9,4,0.13,97.69,2006,2021,2015.0,10,2026-08-31T13:16:18.024Z
Austria,12,11,1,0.12,97.5,2014,2020,2018.0,6,2026-08-31T13:16:18.024Z
Luxembourg,12,10,2,0.12,98.33,2011,2019,2016.0,8,2026-08-31T13:16:18.024Z
Hungary,11,10,1,0.11,99.09,2003,2021,2016.0,9,2026-08-31T13:16:18.024Z
Iceland,11,8,3,0.11,97.27,2015,2021,2018.0,6,2026-08-31T13:16:18.024Z
Finland,11,7,4,0.11,93.64,2012,2020,2017.0,7,2026-08-31T13:16:18.024Z
Greece,11,9,2,0.11,96.36,2011,2021,2015.0,7,2026-08-31T13:16:18.024Z
Qatar,10,10,0,0.10,99.0,2014,2021,2017.0,7,2026-08-31T13:16:18.024Z
Bulgaria,10,10,0,0.10,100.0,2014,2020,2016.0,6,2026-08-31T13:16:18.024Z
Peru,10,10,0,0.10,98.0,2015,2018,2017.0,4,2026-08-31T13:16:18.024Z
Jordan,9,7,2,0.09,96.67,2012,2021,2016.0,7,2026-08-31T13:16:18.024Z
Kuwait,8,5,3,0.08,96.25,1981,2019,2014.0,4,2026-08-31T13:16:18.024Z
Vietnam,7,7,0,0.07,100.0,2014,2021,2018.0,6,2026-08-31T13:16:18.024Z
"",7,6,1,0.07,95.71,1975,2021,2011.0,5,2026-08-31T13:16:18.024Z
Serbia,7,7,0,0.07,100.0,2014,2019,2017.0,6,2026-08-31T13:16:18.024Z
Cambodia,6,6,0,0.06,100.0,2016,2018,2017.0,3,2026-08-31T13:16:18.024Z
Morocco,6,6,0,0.06,98.33,2014,2018,2015.0,3,2026-08-31T13:16:18.024Z
Kenya,6,6,0,0.06,100.0,2014,2020,2018.0,5,2026-08-31T13:16:18.024Z
Portugal,6,6,0,0.06,100.0,2014,2020,2017.0,4,2026-08-31T13:16:18.024Z
Ghana,5,5,0,0.05,100.0,1993,2019,2013.0,4,2026-08-31T13:16:18.024Z
West Germany,5,3,2,0.05,94.0,1971,1986,1978.0,5,2026-08-31T13:16:18.024Z
Croatia,4,3,1,0.04,97.5,2012,2018,2015.0,4,2026-08-31T13:16:18.024Z
Bangladesh,4,4,0,0.04,100.0,2012,2018,2016.0,3,2026-08-31T13:16:18.024Z
Iran,4,4,0,0.04,100.0,2011,2018,2016.0,3,2026-08-31T13:16:18.024Z
Venezuela,4,4,0,0.04,95.0,2007,2017,2014.0,4,2026-08-31T13:16:18.024Z
Slovenia,3,3,0,0.03,100.0,2015,2016,2016.0,2,2026-08-31T13:16:18.024Z
Soviet Union,3,3,0,0.03,100.0,1980,1991,1985.0,3,2026-08-31T13:16:18.024Z
Algeria,3,3,0,0.03,100.0,1979,2020,2004.0,3,2026-08-31T13:16:18.024Z
Senegal,3,2,1,0.03,93.33,2015,2019,2018.0,2,2026-08-31T13:16:18.024Z
Syria,3,2,1,0.03,96.67,2017,2019,2018.0,3,2026-08-31T13:16:18.024Z
Malta,3,2,1,0.03,96.67,2006,2018,2013.0,3,2026-08-31T13:16:18.024Z
Zimbabwe,3,3,0,0.03,93.33,2014,2017,2016.0,2,2026-08-31T13:16:18.024Z
Ukraine,3,1,2,0.03,90.0,2015,2017,2016.0,2,2026-08-31T13:16:18.024Z
Namibia,2,2,0,0.02,95.0,2017,2019,2018.0,2,2026-08-31T13:16:18.024Z
Iraq,2,2,0,0.02,95.0,2015,2018,2017.0,2,2026-08-31T13:16:18.024Z
Georgia,2,2,0,0.02,95.0,2017,2018,2018.0,2,2026-08-31T13:16:18.024Z
Mauritius,2,1,1,0.02,95.0,2019,2021,2020.0,2,2026-08-31T13:16:18.024Z
Guatemala,2,2,0,0.02,100.0,2017,2019,2018.0,2,2026-08-31T13:16:18.024Z
Nepal,2,2,0,0.02,100.0,2017,2018,2018.0,2,2026-08-31T13:16:18.024Z
Cayman Islands,2,2,0,0.02,100.0,2018,2021,2020.0,2,2026-08-31T13:16:18.024Z
Liechtenstein,1,1,0,0.01,100.0,1965,1965,1965.0,1,2026-08-31T13:16:18.024Z
Nicaragua,1,1,0,0.01,100.0,2015,2015,2015.0,1,2026-08-31T13:16:18.024Z
Burkina Faso,1,1,0,0.01,100.0,1993,1993,1993.0,1,2026-08-31T13:16:18.024Z
Cameroon,1,1,0,0.01,100.0,2020,2020,2020.0,1,2026-08-31T13:16:18.024Z
Armenia,1,1,0,0.01,90.0,2017,2017,2017.0,1,2026-08-31T13:16:18.024Z
Somalia,1,1,0,0.01,100.0,2017,2017,2017.0,1,2026-08-31T13:16:18.024Z
Afghanistan,1,1,0,0.01,100.0,2016,2016,2016.0,1,2026-08-31T13:16:18.024Z
Bermuda,1,1,0,0.01,100.0,2014,2014,2014.0,1,2026-08-31T13:16:18.024Z
Slovakia,1,1,0,0.01,100.0,2016,2016,2016.0,1,2026-08-31T13:16:18.024Z
Sri Lanka,1,1,0,0.01,100.0,2010,2010,2010.0,1,2026-08-31T13:16:18.024Z
Samoa,1,1,0,0.01,90.0,2017,2017,2017.0,1,2026-08-31T13:16:18.024Z
Bahamas,1,1,0,0.01,100.0,2006,2006,2006.0,1,2026-08-31T13:16:18.024Z
Lithuania,1,1,0,0.01,100.0,2015,2015,2015.0,1,2026-08-31T13:16:18.024Z
Belarus,1,0,1,0.01,90.0,2016,2016,2016.0,1,2026-08-31T13:16:18.024Z
Albania,1,1,0,0.01,100.0,2018,2018,2018.0,1,2026-08-31T13:16:18.024Z
Cuba,1,0,1,0.01,90.0,2016,2016,2016.0,1,2026-08-31T13:16:18.024Z
Ethiopia,1,1,0,0.01,100.0,1993,1993,1993.0,1,2026-08-31T13:16:18.024Z
Uganda,1,1,0,0.01,90.0,2018,2018,2018.0,1,2026-08-31T13:16:18.024Z
Latvia,1,1,0,0.01,100.0,2016,2016,2016.0,1,2026-08-31T13:16:18.024Z
Jamaica,1,1,0,0.01,100.0,2018,2018,2018.0,1,2026-08-31T13:16:18.024Z
Ecuador,1,1,0,0.01,100.0,2014,2014,2014.0,1,2026-08-31T13:16:18.024Z
Cyprus,1,0,1,0.01,90.0,2017,2017,2017.0,1,2026-08-31T13:16:18.024Z
Palestine,1,1,0,0.01,90.0,2019,2019,2019.0,1,2026-08-31T13:16:18.024Z
Paraguay,1,1,0,0.01,100.0,2018,2018,2018.0,1,2026-08-31T13:16:18.024Z
Dominican Republic,1,1,0,0.01,100.0,2017,2017,2017.0,1,2026-08-31T13:16:18.024Z
Sudan,1,1,0,0.01,100.0,2017,2017,2017.0,1,2026-08-31T13:16:18.024Z
Puerto Rico,1,0,1,0.01,90.0,2018,2018,2018.0,1,2026-08-31T13:16:18.024Z
Mozambique,1,1,0,0.01,100.0,2019,2019,2019.0,1,2026-08-31T13:16:18.024Z
Mongolia,1,1,0,0.01,90.0,2017,2017,2017.0,1,2026-08-31T13:16:18.024Z
Panama,1,1,0,0.01,100.0,2015,2015,2015.0,1,2026-08-31T13:16:18.024Z
Malawi,1,1,0,0.01,100.0,2019,2019,2019.0,1,2026-08-31T13:16:18.024Z
Angola,1,1,0,0.01,100.0,2020,2020,2020.0,1,2026-08-31T13:16:18.024Z
Kazakhstan,1,1,0,0.01,90.0,2016,2016,2016.0,1,2026-08-31T13:16:18.024Z
Botswana,1,1,0,0.01,90.0,2016,2016,2016.0,1,2026-08-31T13:16:18.024Z
East Germany,1,1,0,0.01,100.0,1971,1971,1971.0,1,2026-08-31T13:16:18.024Z
Azerbaijan,1,0,1,0.01,90.0,2013,2013,2013.0,1,2026-08-31T13:16:18.024Z
Vatican City,1,1,0,0.01,100.0,2018,2018,2018.0,1,2026-08-31T13:16:18.024Z
Montenegro,1,1,0,0.01,100.0,2015,2015,2015.0,1,2026-08-31T13:16:18.024Z
